<?xml version="1.0" encoding="UTF-8"?>
<lint>
    <issue id="AdapterViewChildren" severity="ignore" />
    <issue id="AlwaysShowAction" severity="ignore" />
    <issue id="BackButton" severity="ignore" />
    <issue id="ButtonCase" severity="ignore" />
    <issue id="ButtonOrder" severity="ignore" />
    <issue id="ContentDescription" severity="ignore" />
    <issue id="Deprecated" severity="ignore" />
    <issue id="DisableBaselineAlignment" severity="ignore" />
    <issue id="DrawAllocation" severity="ignore" />
    <issue id="DuplicateIds" severity="ignore" />
    <issue id="DuplicateIncludedIds" severity="ignore" />
    <issue id="EnforceUTF8" severity="ignore" />
    <issue id="ExportedService" severity="ignore" />
    <issue id="ExtraText" severity="ignore" />
    <issue id="ExtraTranslation" severity="ignore" />
    <issue id="FieldGetter" severity="ignore" />
    <issue id="FloatMath" severity="ignore" />
    <issue id="GifUsage" severity="ignore" />
    <issue id="GrantAllUris" severity="ignore" />
    <issue id="GridLayout" severity="ignore" />
    <issue id="HardcodedDebugMode" severity="ignore" />
    <issue id="HardcodedText" severity="ignore" />
    <issue id="IconDensities" severity="ignore" />
    <issue id="IconDipSize" severity="ignore" />
    <issue id="IconDuplicates" severity="ignore" />
    <issue id="IconDuplicatesConfig" severity="ignore" />
    <issue id="IconExpectedSize" severity="ignore" />
    <issue id="IconLocation" severity="ignore" />
    <issue id="IconMissingDensityFolder" severity="ignore" />
    <issue id="IconNoDpi" severity="ignore" />
    <issue id="InconsistentArrays" severity="ignore" />
    <issue id="InefficientWeight" severity="ignore" />
    <issue id="LibraryCustomView" severity="ignore" />
    <issue id="ManifestOrder" severity="ignore" />
    <issue id="MergeRootFrame" severity="ignore" />
    <issue id="MissingPrefix" severity="ignore" />
    <issue id="MissingTranslation" severity="ignore" />
    <issue id="MultipleUsesSdk" severity="ignore" />
    <issue id="NamespaceTypo" severity="ignore" />
    <issue id="NestedScrolling" severity="ignore" />
    <issue id="NestedWeights" severity="ignore" />
    <issue id="NewApi" severity="ignore" />
    <issue id="ObsoleteLayoutParam" severity="ignore" />
    <issue id="OnClick" severity="ignore" />
    <issue id="Overdraw" severity="ignore" />
    <issue id="PrivateResource" severity="ignore" />
    <issue id="Proguard" severity="ignore" />
    <issue id="ProguardSplit" severity="ignore" />
    <issue id="PxUsage" severity="ignore" />
    <issue id="Registered" severity="ignore" />
    <issue id="ResourceAsColor" severity="ignore" />
    <issue id="ScrollViewCount" severity="ignore" />
    <issue id="ScrollViewSize" severity="ignore" />
    <issue id="SdCardPath" severity="ignore" />
    <issue id="StateListReachable" severity="ignore" />
    <issue id="StringFormatCount" severity="ignore" />
    <issue id="StringFormatInvalid" severity="ignore" />
    <issue id="StringFormatMatches" severity="ignore" />
    <issue id="StyleCycle" severity="ignore" />
    <issue id="SuspiciousImport" severity="ignore" />
    <issue id="TextFields" severity="ignore" />
    <issue id="TextViewEdits" severity="ignore" />
    <issue id="TooDeepLayout" severity="ignore" />
    <issue id="TooManyViews" severity="ignore" />
    <issue id="TypographyDashes" severity="ignore" />
    <issue id="TypographyEllipsis" severity="ignore" />
    <issue id="TypographyFractions" severity="ignore" />
    <issue id="TypographyOther" severity="ignore" />
    <issue id="TypographyQuotes" severity="ignore" />
    <issue id="UnknownId" severity="ignore" />
    <issue id="UnknownIdInLayout" severity="ignore" />
    <issue id="UnusedIds" severity="ignore" />
    <issue id="UnusedNamespace" severity="ignore" />
    <issue id="UnusedResources" severity="ignore" />
    <issue id="UseCompoundDrawables" severity="ignore" />
    <issue id="UseSparseArrays" severity="ignore" />
    <issue id="UseValueOf" severity="ignore" />
    <issue id="UselessLeaf" severity="ignore" />
    <issue id="UselessParent" severity="ignore" />
    <issue id="UsesMinSdkAttributes" severity="ignore" />
    <issue id="ViewConstructor" severity="ignore" />
    <issue id="WorldWriteableFiles" severity="ignore" />
    <issue id="WrongViewCast" severity="ignore" />
</lint>